{
"1":"am",
"2":"is",
"3":"are",
"4":"was",
"5":"were",
"6":"has",
"7":"have",
"8":"had",
"9":"can",
"10":"might",
  "11": "shall",
  "12": "will",
  "13": "could",
  "14": "should",
  "15": "would",
  "16": "does",
  "17": "do",
  "18": "did",
  "19": "am",
  "20": "is",
  "21": "are",
  "22": "was",
  "23": "were",
  "24": "has",
  "25": "have",
  "26": "had",
  "27": "can",
  "28": "could",
  "29": "will",
  "30": "would",
  "31": "shall",
  "32": "should",
  "33": "might",
  "34": "may",
  "35": "must",
  "36": "ought",
  "37": "does",
  "38": "do",
  "39": "did",
  "40": "am",
  "41": "is",
  "42": "are",
  "43": "was",
  "44": "were",
  "45": "has",
  "46": "have",
  "47": "had",
  "48": "can",
  "49": "could",
  "50": "should",
  "51": "would",
  "52": "shall",
  "53": "will",
  "54": "might",
  "55": "may",
  "56": "must",
  "57": "ought",
  "58": "does",
  "59": "do",
  "60": "did",
  "61": "am",
  "62": "is",
  "63": "are",
  "64": "was",
  "65": "were",
  "66": "has",
  "67": "have",
  "68": "had",
  "69": "can",
  "70": "could",
  "71": "should",
  "72": "would",
  "73": "shall",
  "74": "will",
  "75": "might",
  "76": "may",
  "77": "must",
  "78": "ought",
  "79": "does",
  "80": "do",
  "81": "did",
  "82": "am",
  "83": "is",
  "84": "are",
  "85": "was",
  "86": "were",
  "87": "has",
  "88": "have",
  "89": "had",
  "90": "can",
  "91": "could",
  "92": "should",
  "93": "would",
  "94": "shall",
  "95": "will",
  "96": "might",
  "97": "may",
  "98": "must",
  "99": "ought",
  "100": "does"
}
