{
"1":"market",
"2":"bazar",
"3":"river",
"4":"boat",
"5":"school",
"6":"collage",
"7":"road",
"8":"bank",
"9":"airport",
"10":"home",
  "11": "park",
  "12": "library",
  "13": "office",
  "14": "cafe",
  "15": "hospital",
  "16": "temple",
  "17": "garden",
  "18": "restaurant",
  "19": "hotel",
  "20": "museum",
  "21": "lake",
  "22": "mountain",
  "23": "beach",
  "24": "island",
  "25": "forest",
  "26": "marketplace",
  "27": "university",
  "28": "factory",
  "29": "station",
  "30": "stadium",
  "31": "bridge",
  "32": "cinema",
  "33": "club",
  "34": "zoo",
  "35": "farm",
  "36": "gym",
  "37": "tower",
  "38": "palace",
  "39": "clinic",
  "40": "golf course",
  "41": "cathedral",
  "42": "cemetery",
  "43": "bakery",
  "44": "diner",
  "45": "skyscraper",
  "46": "gallery",
  "47": "supermarket",
  "48": "cottage",
  "49": "market",
  "50": "arcade",
  "51": "garage",
  "52": "playground",
  "53": "pool",
  "54": "mansion",
  "55": "prison",
  "56": "subway",
  "57": "studio",
  "58": "ranch",
  "59": "cruise ship",
  "60": "farmhouse",
  "61": "observatory",
  "62": "orchard",
  "63": "warehouse",
  "64": "lighthouse",
  "65": "gazebo",
  "66": "sanctuary",
  "67": "villa",
  "68": "quarry",
  "69": "racecourse",
  "70": "boutique",
  "71": "depot",
  "72": "clinic",
  "73": "sanatorium",
  "74": "monastery",
  "75": "casino",
  "76": "meadow",
  "77": "canteen",
  "78": "aquarium",
  "79": "shrine",
  "80": "workshop",
  "81": "dormitory",
  "82": "chapel",
  "83": "cabin",
  "84": "atelier",
  "85": "resort",
  "86": "market",
  "87": "arcade",
  "88": "bookstore",
  "89": "bakery",
  "90": "bureau",
  "91": "diner",
  "92": "outlet",
  "93": "retreat",
  "94": "studio",
  "95": "barn",
  "96": "schoolhouse",
  "97": "aviary",
  "98": "laboratory",
  "99": "depot",
  "100": "studio"
}