{
"1":"I",
"2":"He",
"3":"She",
"4":"They",
"5":"Us",
"6":"Them",
"7":"Our",
"8":"Porag",
"9":"Rashed",
"10":"Omor",
  "11": "We",
  "12": "You",
  "13": "It",
  "14": "John",
  "15": "Alice",
  "16": "The team",
  "17": "My friends",
  "18": "My family",
  "19": "The students",
  "20": "The teachers",
  "21": "Sheikh",
  "22": "Mia",
  "23": "The company",
  "24": "The committee",
  "25": "The organization",
  "26": "The government",
  "27": "The scientists",
  "28": "The researchers",
  "29": "The artist",
  "30": "The musicians",
  "31": "The performers",
  "32": "The actors",
  "33": "The audience",
  "34": "The participants",
  "35": "The athletes",
  "36": "The players",
  "37": "The officials",
  "38": "The volunteers",
  "39": "The leaders",
  "40": "The followers",
  "41": "The citizens",
  "42": "The residents",
  "43": "The visitors",
  "44": "The guests",
  "45": "The patients",
  "46": "The doctors",
  "47": "The nurses",
  "48": "The engineers",
  "49": "The designers",
  "50": "The developers",
  "51": "The analysts",
  "52": "The managers",
  "53": "The CEOs",
  "54": "The entrepreneurs",
  "55": "The investors",
  "56": "The customers",
  "57": "The clients",
  "58": "The partners",
  "59": "The collaborators",
  "60": "The vendors",
  "61": "The suppliers",
  "62": "The contractors",
  "63": "The colleagues",
  "64": "The classmates",
  "65": "The neighbors",
  "66": "The friends",
  "67": "The enemies",
  "68": "The allies",
  "69": "The rivals",
  "70": "The supporters",
  "71": "The opponents",
  "72": "The fans",
  "73": "The critics",
  "74": "The admirers",
  "75": "The detractors",
  "76": "The believers",
  "77": "The skeptics",
  "78": "The enthusiasts",
  "79": "The pessimists",
  "80": "The optimists",
  "81": "The dreamers",
  "82": "The realists",
  "83": "The idealists",
  "84": "The pragmatists",
  "85": "The romantics",
  "86": "The intellectuals",
  "87": "The activists",
  "88": "The pacifists",
  "89": "The rebels",
  "90": "The conformists",
  "91": "The outsiders",
  "92": "The insiders",
  "93": "The explorers",
  "94": "The settlers",
  "95": "The pioneers",
  "96": "The trailblazers",
  "97": "The followers",
  "98": "The innovators",
  "99": "The traditionalists",
  "100": "The reformers"
}
