{
"1":"going",
"2":"walk",
"3":"moving",
"4":"jumped",
"5":"sing",
"6":"living",
"7":"seing",
"8":"singing",
"9":"saw",
"10":"go",
  "11": "running",
  "12": "writing",
  "13": "sleeping",
  "14": "eating",
  "15": "dancing",
  "16": "playing",
  "17": "reading",
  "18": "speaking",
  "19": "thinking",
  "20": "studying",
  "21": "swimming",
  "22": "laughing",
  "23": "driving",
  "24": "traveling",
  "25": "drawing",
  "26": "climbing",
  "27": "working",
  "28": "whispering",
  "29": "dreaming",
  "30": "skating",
  "31": "talking",
  "32": "whistling",
  "33": "smiling",
  "34": "painting",
  "35": "exploring",
  "36": "hiking",
  "37": "crying",
  "38": "meditating",
  "39": "running",
  "40": "cooking",
  "41": "coding",
  "42": "helping",
  "43": "waiting",
  "44": "celebrating",
  "45": "forgiving",
  "46": "conquering",
  "47": "traveling",
  "48": "teaching",
  "49": "learning",
  "50": "listening",
  "51": "celebrating",
  "52": "gaming",
  "53": "solving",
  "54": "healing",
  "55": "growing",
  "56": "coding",
  "57": "coordinating",
  "58": "flying",
  "59": "inspiring",
  "60": "connecting",
  "61": "creating",
  "62": "navigating",
  "63": "experiencing",
  "64": "trusting",
  "65": "balancing",
  "66": "caring",
  "67": "exploring",
  "68": "helping",
  "69": "transforming",
  "70": "sharing",
  "71": "reflecting",
  "72": "singing",
  "73": "dreaming",
  "74": "celebrating",
  "75": "appreciating",
  "76": "relaxing",
  "77": "admiring",
  "78": "traveling",
  "79": "supporting",
  "80": "discovering",
  "81": "embracing",
  "82": "nurturing",
  "83": "capturing",
  "84": "improving",
  "85": "encouraging",
  "86": "embracing",
  "87": "welcoming",
  "88": "cherishing",
  "89": "playing",
  "90": "inspiring",
  "91": "encouraging",
  "92": "smiling",
  "93": "connecting",
  "94": "imagining",
  "95": "forgiving",
  "96": "healing",
  "97": "thriving",
  "98": "sharing",
  "99": "reflecting",
  "100": "transforming"
}
