{
  "1": "running",
  "2": "jumping",
  "3": "reading",
  "4": "writing",
  "5": "singing",
  "6": "dancing",
  "7": "swimming",
  "8": "laughing",
  "9": "crying",
  "10": "talking",
  "11": "listening",
  "12": "eating",
  "13": "sleeping",
  "14": "dreaming",
  "15": "playing",
  "16": "working",
  "17": "studying",
  "18": "teaching",
  "19": "learning",
  "20": "driving",
  "21": "traveling",
  "22": "exploring",
  "23": "creating",
  "24": "imagining",
  "25": "designing",
  "26": "building",
  "27": "fixing",
  "28": "solving",
  "29": "planning",
  "30": "organizing",
  "31": "meditating",
  "32": "exercising",
  "33": "running",
  "34": "jumping",
  "35": "reading",
  "36": "writing",
  "37": "singing",
  "38": "dancing",
  "39": "swimming",
  "40": "laughing",
  "41": "crying",
  "42": "talking",
  "43": "listening",
  "44": "eating",
  "45": "sleeping",
  "46": "dreaming",
  "47": "playing",
  "48": "working",
  "49": "studying",
  "50": "teaching",
  "51": "learning",
  "52": "driving",
  "53": "traveling",
  "54": "exploring",
  "55": "creating",
  "56": "imagining",
  "57": "designing",
  "58": "building",
  "59": "fixing",
  "60": "solving",
  "61": "planning",
  "62": "organizing",
  "63": "meditating",
  "64": "exercising",
  "65": "running",
  "66": "jumping",
  "67": "reading",
  "68": "writing",
  "69": "singing",
  "70": "dancing",
  "71": "swimming",
  "72": "laughing",
  "73": "crying",
  "74": "talking",
  "75": "listening",
  "76": "eating",
  "77": "sleeping",
  "78": "dreaming",
  "79": "playing",
  "80": "working",
  "81": "studying",
  "82": "teaching",
  "83": "learning",
  "84": "driving",
  "85": "traveling",
  "86": "exploring",
  "87": "creating",
  "88": "imagining",
  "89": "designing",
  "90": "building",
  "91": "fixing",
  "92": "solving",
  "93": "planning",
  "94": "organizing",
  "95": "meditating",
  "96": "exercising",
  "97": "running",
  "98": "jumping",
  "99": "reading",
  "100": "writing"
}
