{
  "1": "completed",
  "2": "achieved",
  "3": "finished",
  "4": "accomplished",
  "5": "realized",
  "6": "fulfilled",
  "7": "attained",
  "8": "mastered",
  "9": "acquired",
  "10": "excelled",
  "11": "surpassed",
  "12": "perfected",
  "13": "implemented",
  "14": "executed",
  "15": "resolved",
  "16": "solved",
  "17": "obtained",
  "18": "captured",
  "19": "secured",
  "20": "gained",
  "21": "experienced",
  "22": "undertook",
  "23": "concluded",
  "24": "observed",
  "25": "fulfilled",
  "26": "completed",
  "27": "mastered",
  "28": "obtained",
  "29": "captured",
  "30": "attained",
  "31": "secured",
  "32": "gained",
  "33": "experienced",
  "34": "undertook",
  "35": "fulfilled",
  "36": "concluded",
  "37": "achieved",
  "38": "fulfilled",
  "39": "realized",
  "40": "effected",
  "41": "accomplished",
  "42": "executed",
  "43": "fulfilled",
  "44": "implemented",
  "45": "resolved",
  "46": "solved",
  "47": "achieved",
  "48": "realized",
  "49": "effected",
  "50": "accomplished",
  "51": "executed",
  "52": "fulfilled",
  "53": "completed",
  "54": "mastered",
  "55": "obtained",
  "56": "captured",
  "57": "attained",
  "58": "secured",
  "59": "gained",
  "60": "experienced",
  "61": "undertook",
  "62": "fulfilled",
  "63": "concluded",
  "64": "achieved",
  "65": "fulfilled",
  "66": "realized",
  "67": "effected",
  "68": "accomplished",
  "69": "executed",
  "70": "fulfilled",
  "71": "implemented",
  "72": "resolved",
  "73": "solved",
  "74": "achieved",
  "75": "realized",
  "76": "effected",
  "77": "accomplished",
  "78": "executed",
  "79": "fulfilled",
  "80": "completed",
  "81": "mastered",
  "82": "obtained",
  "83": "captured",
  "84": "attained",
  "85": "secured",
  "86": "gained",
  "87": "experienced",
  "88": "undertook",
  "89": "fulfilled",
  "90": "concluded",
  "91": "achieved",
  "92": "fulfilled",
  "93": "realized",
  "94": "effected",
  "95": "accomplished",
  "96": "executed",
  "97": "fulfilled",
  "98": "implemented",
  "99": "resolved",
  "100": "achieved"
}
