{
  "1": "completed",
  "2": "achieved",
  "3": "finished",
  "4": "accomplished",
  "5": "realized",
  "6": "fulfilled",
  "7": "attained",
  "8": "mastered",
  "9": "acquired",
  "10": "excelled",
  "11": "surpassed",
  "12": "perfected",
  "13": "implemented",
  "14": "executed",
  "15": "fulfilled",
  "16": "fulfilled",
  "17": "resolved",
  "18": "solved",
  "19": "achieved",
  "20": "realized",
  "21": "effected",
  "22": "accomplished",
  "23": "fulfilled",
  "24": "completed",
  "25": "mastered",
  "26": "obtained",
  "27": "captured",
  "28": "attained",
  "29": "secured",
  "30": "gained",
  "31": "experienced",
  "32": "undertaken",
  "33": "fulfilled",
  "34": "fulfilled",
  "35": "concluded",
  "36": "achieved",
  "37": "fulfilled",
  "38": "realized",
  "39": "effected",
  "40": "accomplished",
  "41": "executed",
  "42": "fulfilled",
  "43": "implemented",
  "44": "resolved",
  "45": "solved",
  "46": "achieved",
  "47": "realized",
  "48": "effected",
  "49": "accomplished",
  "50": "executed",
  "51": "fulfilled",
  "52": "completed",
  "53": "mastered",
  "54": "obtained",
  "55": "captured",
  "56": "attained",
  "57": "secured",
  "58": "gained",
  "59": "experienced",
  "60": "undertaken",
  "61": "fulfilled",
  "62": "concluded",
  "63": "achieved",
  "64": "fulfilled",
  "65": "realized",
  "66": "effected",
  "67": "accomplished",
  "68": "executed",
  "69": "fulfilled",
  "70": "implemented",
  "71": "resolved",
  "72": "solved",
  "73": "achieved",
  "74": "realized",
  "75": "effected",
  "76": "accomplished",
  "77": "executed",
  "78": "fulfilled",
  "79": "completed",
  "80": "mastered",
  "81": "obtained",
  "82": "captured",
  "83": "attained",
  "84": "secured",
  "85": "gained",
  "86": "experienced",
  "87": "undertaken",
  "88": "fulfilled",
  "89": "concluded",
  "90": "achieved",
  "91": "fulfilled",
  "92": "realized",
  "93": "effected",
  "94": "accomplished",
  "95": "executed",
  "96": "fulfilled",
  "97": "implemented",
  "98": "resolved",
  "99": "solved",
  "100": "achieved"
}
