{
  "1": "run",
  "2": "jump",
  "3": "read",
  "4": "write",
  "5": "sing",
  "6": "dance",
  "7": "swim",
  "8": "laugh",
  "9": "cry",
  "10": "talk",
  "11": "listen",
  "12": "eat",
  "13": "sleep",
  "14": "dream",
  "15": "play",
  "16": "work",
  "17": "study",
  "18": "teach",
  "19": "learn",
  "20": "drive",
  "21": "travel",
  "22": "explore",
  "23": "create",
  "24": "imagine",
  "25": "design",
  "26": "build",
  "27": "fix",
  "28": "solve",
  "29": "plan",
  "30": "organize",
  "31": "meditate",
  "32": "exercise",
  "33": "run",
  "34": "jump",
  "35": "read",
  "36": "write",
  "37": "sing",
  "38": "dance",
  "39": "swim",
  "40": "laugh",
  "41": "cry",
  "42": "talk",
  "43": "listen",
  "44": "eat",
  "45": "sleep",
  "46": "dream",
  "47": "play",
  "48": "work",
  "49": "study",
  "50": "teach",
  "51": "learn",
  "52": "drive",
  "53": "travel",
  "54": "explore",
  "55": "create",
  "56": "imagine",
  "57": "design",
  "58": "build",
  "59": "fix",
  "60": "solve",
  "61": "plan",
  "62": "organize",
  "63": "meditate",
  "64": "exercise",
  "65": "run",
  "66": "jump",
  "67": "read",
  "68": "write",
  "69": "sing",
  "70": "dance",
  "71": "swim",
  "72": "laugh",
  "73": "cry",
  "74": "talk",
  "75": "listen",
  "76": "eat",
  "77": "sleep",
  "78": "dream",
  "79": "play",
  "80": "work",
  "81": "study",
  "82": "teach",
  "83": "learn",
  "84": "drive",
  "85": "travel",
  "86": "explore",
  "87": "create",
  "88": "imagine",
  "89": "design",
  "90": "build",
  "91": "fix",
  "92": "solve",
  "93": "plan",
  "94": "organize",
  "95": "meditate",
  "96": "exercise",
  "97": "run",
  "98": "jump",
  "99": "read",
  "100": "write"
}
