{
  "1": "happy",
  "2": "sad",
  "3": "bright",
  "4": "dark",
  "5": "exciting",
  "6": "calm",
  "7": "playful",
  "8": "serious",
  "9": "funny",
  "10": "curious",
  "11": "creative",
  "12": "simple",
  "13": "complex",
  "14": "colorful",
  "15": "dull",
  "16": "energetic",
  "17": "lazy",
  "18": "noisy",
  "19": "quiet",
  "20": "fast",
  "21": "slow",
  "22": "tall",
  "23": "short",
  "24": "big",
  "25": "small",
  "26": "strong",
  "27": "weak",
  "28": "smart",
  "29": "silly",
  "30": "wise",
  "31": "foolish",
  "32": "brave",
  "33": "fearful",
  "34": "kind",
  "35": "cruel",
  "36": "gentle",
  "37": "rough",
  "38": "modern",
  "39": "ancient",
  "40": "clean",
  "41": "dirty",
  "42": "fresh",
  "43": "stale",
  "44": "hard",
  "45": "soft",
  "46": "smooth",
  "47": "rough",
  "48": "sweet",
  "49": "sour",
  "50": "bitter",
  "51": "spicy",
  "52": "fragrant",
  "53": "odorous",
  "54": "delicious",
  "55": "tasty",
  "56": "nutritious",
  "57": "empty",
  "58": "full",
  "59": "light",
  "60": "heavy",
  "61": "beautiful",
  "62": "ugly",
  "63": "attractive",
  "64": "repulsive",
  "65": "elegant",
  "66": "awkward",
  "67": "smooth",
  "68": "rough",
  "69": "fancy",
  "70": "plain",
  "71": "vibrant",
  "72": "dull",
  "73": "vivid",
  "74": "pale",
  "75": "colorful",
  "76": "monochrome",
  "77": "busy",
  "78": "idle",
  "79": "productive",
  "80": "useless",
  "81": "organized",
  "82": "chaotic",
  "83": "secure",
  "84": "risky",
  "85": "careful",
  "86": "careless",
  "87": "happy",
  "88": "miserable",
  "89": "content",
  "90": "discontent",
  "91": "safe",
  "92": "dangerous",
  "93": "comfortable",
  "94": "uncomfortable",
  "95": "cozy",
  "96": "unwelcoming",
  "97": "rich",
  "98": "poor",
  "99": "wealthy",
  "100": "impoverished"
}
