{
  "1": "is",
  "2": "am",
  "3": "are",
  "4": "was",
  "5": "were",
  "6": "be",
  "7": "been",
  "8": "being",
  "9": "have",
  "10": "has",
  "11": "had",
  "12": "do",
  "13": "does",
  "14": "did",
  "15": "shall",
  "16": "will",
  "17": "should",
  "18": "would",
  "19": "may",
  "20": "might",
  "21": "must",
  "22": "can",
  "23": "could",
  "24": "ought",
  "25": "dare",
  "26": "need",
  "27": "used",
  "28": "dare",
  "29": "need",
  "30": "used",
  "31": "am",
  "32": "are",
  "33": "is",
  "34": "was",
  "35": "were",
  "36": "be",
  "37": "been",
  "38": "being",
  "39": "have",
  "40": "has",
  "41": "had",
  "42": "do",
  "43": "does",
  "44": "did",
  "45": "shall",
  "46": "will",
  "47": "should",
  "48": "would",
  "49": "may",
  "50": "might",
  "51": "must",
  "52": "can",
  "53": "could",
  "54": "ought",
  "55": "dare",
  "56": "need",
  "57": "used",
  "58": "dare",
  "59": "need",
  "60": "used",
  "61": "am",
  "62": "are",
  "63": "is",
  "64": "was",
  "65": "were",
  "66": "be",
  "67": "been",
  "68": "being",
  "69": "have",
  "70": "has",
  "71": "had",
  "72": "do",
  "73": "does",
  "74": "did",
  "75": "shall",
  "76": "will",
  "77": "should",
  "78": "would",
  "79": "may",
  "80": "might",
  "81": "must",
  "82": "can",
  "83": "could",
  "84": "ought",
  "85": "dare",
  "86": "need",
  "87": "used",
  "88": "dare",
  "89": "need",
  "90": "used",
  "91": "am",
  "92": "are",
  "93": "is",
  "94": "was",
  "95": "were",
  "96": "be",
  "97": "been",
  "98": "being",
  "99": "have",
  "100": "has"
}
