{
  "1": "abide",
  "2": "acclaim",
  "3": "befuddle",
  "4": "cacophony",
  "5": "debilitate",
  "6": "ebullient",
  "7": "facetious",
  "8": "garrulous",
  "9": "haphazard",
  "10": "idiosyncrasy",
  "11": "juxtapose",
  "12": "kaleidoscope",
  "13": "labyrinth",
  "14": "mellifluous",
  "15": "nonchalant",
  "16": "obfuscate",
  "17": "palimpsest",
  "18": "quintessential",
  "19": "resplendent",
  "20": "serendipity",
  "21": "taciturn",
  "22": "ubiquitous",
  "23": "verisimilitude",
  "24": "whimsical",
  "25": "xenophobic",
  "26": "yen",
  "27": "zealot",
  "28": "alacrity",
  "29": "benevolent",
  "30": "cogent",
  "31": "disparate",
  "32": "effervescent",
  "33": "fervent",
  "34": "glib",
  "35": "harangue",
  "36": "iconoclast",
  "37": "jubilant",
  "38": "kowtow",
  "39": "languid",
  "40": "maverick",
  "41": "nuance",
  "42": "obtuse",
  "43": "proclivity",
  "44": "quixotic",
  "45": "recalcitrant",
  "46": "sycophant",
  "47": "truculent",
  "48": "unctuous",
  "49": "vex",
  "50": "winsome",
  "51": "xanthic",
  "52": "yokel",
  "53": "zephyr",
  "54": "acerbic",
  "55": "boisterous",
  "56": "compendious",
  "57": "deleterious",
  "58": "effulgent",
  "59": "fractious",
  "60": "garrulity",
  "61": "halcyon",
  "62": "indefatigable",
  "63": "jocular",
  "64": "kaleidoscopic",
  "65": "lachrymose",
  "66": "mellifluous",
  "67": "nonplussed",
  "68": "obfuscate",
  "69": "peregrinate",
  "70": "querulous",
  "71": "recumbentibus",
  "72": "salubrious",
  "73": "tenacious",
  "74": "ubiquitous",
  "75": "vicissitude",
  "76": "weltschmerz",
  "77": "xanadu",
  "78": "yonder",
  "79": "zeitgeist",
  "80": "abeyance",
  "81": "bucolic",
  "82": "capitulate",
  "83": "defenestration",
  "84": "effulgent",
  "85": "flummox",
  "86": "garrulous",
  "87": "halcyon",
  "88": "incandescent",
  "89": "jejune",
  "90": "kismet",
  "91": "labyrinthine",
  "92": "mellifluous",
  "93": "nefarious",
  "94": "obfuscate",
  "95": "perfidious",
  "96": "querulous",
  "97": "recumbentibus",
  "98": "serendipity",
  "99": "taciturn",
  "100": "ubiquitous"
}
