{
  "1": "apple",
  "2": "tree",
  "3": "mountain",
  "4": "ocean",
  "5": "computer",
  "6": "river",
  "7": "guitar",
  "8": "sky",
  "9": "book",
  "10": "flower",
  "11": "city",
  "12": "dog",
  "13": "cat",
  "14": "house",
  "15": "car",
  "16": "ship",
  "17": "pen",
  "18": "cloud",
  "19": "sun",
  "20": "moon",
  "21": "star",
  "22": "bird",
  "23": "fish",
  "24": "keyboard",
  "25": "phone",
  "26": "shoe",
  "27": "chair",
  "28": "table",
  "29": "lamp",
  "30": "camera",
  "31": "mountain",
  "32": "garden",
  "33": "painting",
  "34": "movie",
  "35": "song",
  "36": "pizza",
  "37": "friend",
  "38": "time",
  "39": "space",
  "40": "dream",
  "41": "cloud",
  "42": "river",
  "43": "wind",
  "44": "rain",
  "45": "fire",
  "46": "earth",
  "47": "moon",
  "48": "star",
  "49": "galaxy",
  "50": "universe",
  "51": "planet",
  "52": "beach",
  "53": "forest",
  "54": "computer",
  "55": "internet",
  "56": "music",
  "57": "art",
  "58": "science",
  "59": "history",
  "60": "language",
  "61": "knowledge",
  "62": "wisdom",
  "63": "love",
  "64": "friendship",
  "65": "adventure",
  "66": "mystery",
  "67": "fantasy",
  "68": "laughter",
  "69": "smile",
  "70": "tears",
  "71": "anger",
  "72": "fear",
  "73": "joy",
  "74": "sadness",
  "75": "hope",
  "76": "dream",
  "77": "night",
  "78": "day",
  "79": "morning",
  "80": "evening",
  "81": "color",
  "82": "shape",
  "83": "number",
  "84": "letter",
  "85": "word",
  "86": "sentence",
  "87": "paragraph",
  "88": "chapter",
  "89": "book",
  "90": "library",
  "91": "school",
  "92": "teacher",
  "93": "student",
  "94": "education",
  "95": "knowledge",
  "96": "wisdom",
  "97": "science",
  "98": "technology",
  "99": "innovation",
  "100": "discovery"
}
