{
  "1": "above",
  "2": "across",
  "3": "against",
  "4": "along",
  "5": "amid",
  "6": "around",
  "7": "as",
  "8": "at",
  "9": "before",
  "10": "behind",
  "11": "below",
  "12": "beneath",
  "13": "beside",
  "14": "between",
  "15": "beyond",
  "16": "but",
  "17": "by",
  "18": "concerning",
  "19": "considering",
  "20": "despite",
  "21": "down",
  "22": "during",
  "23": "except",
  "24": "for",
  "25": "from",
  "26": "in",
  "27": "inside",
  "28": "into",
  "29": "like",
  "30": "near",
  "31": "of",
  "32": "off",
  "33": "on",
  "34": "onto",
  "35": "out",
  "36": "outside",
  "37": "over",
  "38": "past",
  "39": "regarding",
  "40": "round",
  "41": "since",
  "42": "through",
  "43": "throughout",
  "44": "to",
  "45": "toward",
  "46": "under",
  "47": "underneath",
  "48": "until",
  "49": "unto",
  "50": "up",
  "51": "upon",
  "52": "with",
  "53": "within",
  "54": "without",
  "55": "aboard",
  "56": "about",
  "57": "after",
  "58": "alongside",
  "59": "amidst",
  "60": "among",
  "61": "apart",
  "62": "around",
  "63": "as",
  "64": "atop",
  "65": "before",
  "66": "behind",
  "67": "below",
  "68": "beneath",
  "69": "beside",
  "70": "between",
  "71": "betwixt",
  "72": "beyond",
  "73": "by",
  "74": "circa",
  "75": "despite",
  "76": "down",
  "77": "during",
  "78": "except",
  "79": "for",
  "80": "from",
  "81": "in",
  "82": "inside",
  "83": "into",
  "84": "like",
  "85": "near",
  "86": "next",
  "87": "of",
  "88": "off",
  "89": "on",
  "90": "onto",
  "91": "opposite",
  "92": "out",
  "93": "outside",
  "94": "over",
  "95": "past",
  "96": "round",
  "97": "since",
  "98": "through",
  "99": "throughout",
  "100": "till"
}
