{
  "1": "he",
  "2": "she",
  "3": "it",
  "4": "they",
  "5": "we",
  "6": "you",
  "7": "I",
  "8": "him",
  "9": "her",
  "10": "them",
  "11": "us",
  "12": "yourself",
  "13": "myself",
  "14": "himself",
  "15": "herself",
  "16": "itself",
  "17": "themselves",
  "18": "ourselves",
  "19": "yours",
  "20": "mine",
  "21": "hers",
  "22": "theirs",
  "23": "ours",
  "24": "his",
  "25": "its",
  "26": "whose",
  "27": "my",
  "28": "your",
  "29": "our",
  "30": "their",
  "31": "this",
  "32": "that",
  "33": "these",
  "34": "those",
  "35": "which",
  "36": "who",
  "37": "whom",
  "38": "whose",
  "39": "whatever",
  "40": "whomever",
  "41": "whoever",
  "42": "whichever",
  "43": "mine",
  "44": "yours",
  "45": "his",
  "46": "hers",
  "47": "its",
  "48": "ours",
  "49": "theirs",
  "50": "myself",
  "51": "yourself",
  "52": "himself",
  "53": "herself",
  "54": "itself",
  "55": "ourselves",
  "56": "yourselves",
  "57": "themselves",
  "58": "one",
  "59": "someone",
  "60": "anyone",
  "61": "no one",
  "62": "everybody",
  "63": "anybody",
  "64": "nobody",
  "65": "someone",
  "66": "something",
  "67": "nothing",
  "68": "everything",
  "69": "all",
  "70": "each",
  "71": "either",
  "72": "neither",
  "73": "both",
  "74": "none",
  "75": "any",
  "76": "some",
  "77": "several",
  "78": "few",
  "79": "many",
  "80": "most",
  "81": "somebody",
  "82": "anybody",
  "83": "nobody",
  "84": "everybody",
  "85": "some",
  "86": "any",
  "87": "none",
  "88": "all",
  "89": "each",
  "90": "either",
  "91": "neither",
  "92": "both",
  "93": "it",
  "94": "they",
  "95": "I",
  "96": "you",
  "97": "we",
  "98": "he",
  "99": "she",
  "100": "you"
}
