{
  "1": "John",
  "2": "Mary",
  "3": "the cat",
  "4": "the teacher",
  "5": "the team",
  "6": "Alice",
  "7": "Bob",
  "8": "a scientist",
  "9": "a musician",
  "10": "the mayor",
  "11": "an astronaut",
  "12": "a chef",
  "13": "a gardener",
  "14": "a detective",
  "15": "a doctor",
  "16": "a poet",
  "17": "a journalist",
  "18": "the president",
  "19": "a firefighter",
  "20": "a painter",
  "21": "a librarian",
  "22": "a student",
  "23": "a pilot",
  "24": "an engineer",
  "25": "a dancer",
  "26": "a writer",
  "27": "a superhero",
  "28": "a police officer",
  "29": "a chef",
  "30": "a singer",
  "31": "a photographer",
  "32": "a farmer",
  "33": "a magician",
  "34": "a nurse",
  "35": "a soldier",
  "36": "a bartender",
  "37": "a surfer",
  "38": "a mechanic",
  "39": "a lawyer",
  "40": "a plumber",
  "41": "a carpenter",
  "42": "a psychologist",
  "43": "a programmer",
  "44": "a designer",
  "45": "a journalist",
  "46": "a salesperson",
  "47": "an artist",
  "48": "a teacher",
  "49": "a coach",
  "50": "a scientist",
  "51": "a librarian",
  "52": "a traveler",
  "53": "a philosopher",
  "54": "a gardener",
  "55": "a musician",
  "56": "a swimmer",
  "57": "a mechanic",
  "58": "a dancer",
  "59": "an actor",
  "60": "a pilot",
  "61": "a writer",
  "62": "a chef",
  "63": "a journalist",
  "64": "a photographer",
  "65": "a doctor",
  "66": "a detective",
  "67": "a lawyer",
  "68": "an astronaut",
  "69": "a firefighter",
  "70": "a painter",
  "71": "a police officer",
  "72": "a nurse",
  "73": "a librarian",
  "74": "a poet",
  "75": "a programmer",
  "76": "a bartender",
  "77": "a surfer",
  "78": "a farmer",
  "79": "a magician",
  "80": "a psychologist",
  "81": "a designer",
  "82": "a journalist",
  "83": "a salesperson",
  "84": "an artist",
  "85": "a teacher",
  "86": "a coach",
  "87": "a scientist",
  "88": "a traveler",
  "89": "a philosopher",
  "90": "a gardener",
  "91": "a musician",
  "92": "a swimmer",
  "93": "a mechanic",
  "94": "a dancer",
  "95": "an actor",
  "96": "a pilot",
  "97": "a writer",
  "98": "a chef",
  "99": "a journalist",
  "100": "a photographer"
}
